[
    {
        "model": "ccms.Mailbox_Monitor",
        "pk": 1,
        "fields": {
            "mailbox_name": "test@gmail.com"
        }
    },
    {
        "model": "ccms.BusinessUnit",
        "pk": 1,
        "fields": {
            "name": "BankWest Summary"
        }
    },
    {
        "model": "ccms.BusinessUnit",
        "pk": 2,
        "fields": {
            "name": "Business and Private Banking"
        }
    },
    {
        "model": "ccms.BusinessUnit",
        "pk": 3,
        "fields": {
            "name": "Deputy CEO and Strategy"
        }
    },
    {
        "model": "ccms.BusinessUnit",
        "pk": 4,
        "fields": {
            "name": "Digital Channels"
        }
    },
    {
        "model": "ccms.BusinessUnit",
        "pk": 5,
        "fields": {
            "name": "Digital Workplace Platform"
        }
    },
    {
        "model": "ccms.BusinessUnit",
        "pk": 6,
        "fields": {
            "name": "Enterprise Services"
        }
    },
    {
        "model": "ccms.BusinessUnit",
        "pk": 7,
        "fields": {
            "name": "Financial Services"
        }
    },
    {
        "model": "ccms.BusinessUnit",
        "pk": 8,
        "fields": {
            "name": "General Insurance Summary"
        }
    },
    {
        "model": "ccms.BusinessUnit",
        "pk": 9,
        "fields": {
            "name": "Group Corporate Affairs"
        }
    },
    {
        "model": "ccms.BusinessUnit",
        "pk": 10,
        "fields": {
            "name": "Group Legal & Governance"
        }
    },
    {
        "model": "ccms.BusinessUnit",
        "pk": 11,
        "fields": {
            "name": "Group Marketing and Strategy"
        }
    },
    {
        "model": "ccms.BusinessUnit",
        "pk": 12,
        "fields": {
            "name": "Group Operations"
        }
    },
    {
        "model": "ccms.BusinessUnit",
        "pk": 13,
        "fields": {
            "name": "Human Resources"
        }
    },
    {
        "model": "ccms.BusinessUnit",
        "pk": 14,
        "fields": {
            "name": "IFS Asia"
        }
    },
    {
        "model": "ccms.BusinessUnit",
        "pk": 15,
        "fields": {
            "name": "Institutional Banking & Markets"
        }
    },
    {
        "model": "ccms.BusinessUnit",
        "pk": 16,
        "fields": {
            "name": "New Zealand"
        }
    },
    {
        "model": "ccms.BusinessUnit",
        "pk": 17,
        "fields": {
            "name": "Program Delivery"
        }
    },
    {
        "model": "ccms.BusinessUnit",
        "pk": 18,
        "fields": {
            "name": "RBS Consolidated"
        }
    },
    {
        "model": "ccms.BusinessUnit",
        "pk": 19,
        "fields": {
            "name": "Retail Banking Services"
        }
    },
    {
        "model": "ccms.BusinessUnit",
        "pk": 20,
        "fields": {
            "name": "Risk Management"
        }
    },
    {
        "model": "ccms.BusinessUnit",
        "pk": 21,
        "fields": {
            "name": "Wealth Management"
        }
    },
    {
        "model": "ccms.EscalationType",
        "pk": 1,
        "fields": {
            "name": "BottomBox"
        }
    },
    {
        "model": "ccms.EscalationType",
        "pk": 2,
        "fields": {
            "name": "Complaint"
        }
    },
    {
        "model": "ccms.EscalationType",
        "pk": 3,
        "fields": {
            "name": "FastTrack"
        }
    },
    {
        "model": "ccms.EscalationType",
        "pk": 4,
        "fields": {
            "name": "Inquiry"
        }
    },
    {
        "model": "ccms.EscalationType",
        "pk": 5,
        "fields": {
            "name": "Proactive"
        }
    },
    {
        "model": "ccms.EscalationType",
        "pk": 6,
        "fields": {
            "name": "Yammer"
        }
    },
    {
        "model": "ccms.CCMSStatus",
        "pk": 1,
        "fields": {
            "name": "Open - Assigned"
        }
    },
    {
        "model": "ccms.CCMSStatus",
        "pk": 2,
        "fields": {
            "name": "Pending - ITSD"
        }
    },
    {
        "model": "ccms.CCMSStatus",
        "pk": 3,
        "fields": {
            "name": "Pending - RCA - ITSD"
        }
    },
    {
        "model": "ccms.CCMSStatus",
        "pk": 4,
        "fields": {
            "name": "Monitoring - Corrective Actions - ITSD"
        }
    },
    {
        "model": "ccms.CCMSStatus",
        "pk": 5,
        "fields": {
            "name": "Pending - SPG"
        }
    },
    {
        "model": "ccms.CCMSStatus",
        "pk": 6,
        "fields": {
            "name": "Pending - RCA - SPG"
        }
    },
    {
        "model": "ccms.CCMSStatus",
        "pk": 7,
        "fields": {
            "name": "Monitoring - Corrective Actions - SPG"
        }
    },
    {
        "model": "ccms.CCMSStatus",
        "pk": 8,
        "fields": {
            "name": "Pending - Customer"
        }
    },
    {
        "model": "ccms.CCMSStatus",
        "pk": 9,
        "fields": {
            "name": "Reassign to CCA"
        }
    },
    {
        "model": "ccms.TicketStatus",
        "pk": 1,
        "fields": {
            "name": "Open"
        }
    },
    {
        "model": "ccms.TicketStatus",
        "pk": 2,
        "fields": {
            "name": "Closed"
        }
    },
    {
        "model": "ccms.TicketStatus",
        "pk": 3,
        "fields": {
            "name": "Cancelled"
        }
    },
    {
        "model": "ccms.TicketStatus",
        "pk": 4,
        "fields": {
            "name": "N/A"
        }
    },
    {
        "model": "ccms.Silo",
        "pk": 1,
        "fields": {
            "name": "Bank Apps"
        }
    },
    {
        "model": "ccms.Silo",
        "pk": 2,
        "fields": {
            "name": "External Team"
        }
    },
    {
        "model": "ccms.Silo",
        "pk": 3,
        "fields": {
            "name": "CCA"
        }
    },
    {
        "model": "ccms.Silo",
        "pk": 4,
        "fields": {
            "name": "CE Team"
        }
    },
    {
        "model": "ccms.Silo",
        "pk": 5,
        "fields": {
            "name": "CommSee"
        }
    },
    {
        "model": "ccms.Silo",
        "pk": 5,
        "fields": {
            "name": "Desktop"
        }
    },
    {
        "model": "ccms.Silo",
        "pk": 6,
        "fields": {
            "name": "IMAC/SRM"
        }
    },
    {
        "model": "ccms.Silo",
        "pk": 6,
        "fields": {
            "name": "KM"
        }
    },
    {
        "model": "ccms.Silo",
        "pk": 7,
        "fields": {
            "name": "Password"
        }
    },
    {
        "model": "ccms.Silo",
        "pk": 8,
        "fields": {
            "name": "Platinum"
        }
    },
    {
        "model": "ccms.Silo",
        "pk": 9,
        "fields": {
            "name": "Quality"
        }
    },
    {
        "model": "ccms.Silo",
        "pk": 10,
        "fields": {
            "name": "SPG"
        }
    },
    {
        "model": "ccms.Silo",
        "pk": 11,
        "fields": {
            "name": "SRM"
        }
    },
    {
        "model": "ccms.SiteCode",
        "pk": 1,
        "fields": {
            "name": "Manila"
        }
    },
    {
        "model": "ccms.SiteCode",
        "pk": 2,
        "fields": {
            "name": "Malaysia"
        }
    },
    {
        "model": "ccms.AccountableTeam",
        "pk": 1,
        "fields": {
            "name": "ITSD"
        }
    },
    {
        "model": "ccms.AccountableTeam",
        "pk": 2,
        "fields": {
            "name": "SPG"
        }
    },
    {
        "model": "ccms.AccountableTeam",
        "pk": 3,
        "fields": {
            "name": "CBA"
        }
    },
    {
        "model": "ccms.AccountableTeam",
        "pk": 4,
        "fields": {
            "name": "VENDOR"
        }
    },
    {
        "model": "ccms.TicketType",
        "pk": 1,
        "fields": {
            "name": "Interaction/Incident"
        }
    },
    {
        "model": "ccms.TicketType",
        "pk": 2,
        "fields": {
            "name": "Request"
        }
    },
    {
        "model": "ccms.CauseCode",
        "pk": 1,
        "fields": {
            "name": "AGENT/TECHNICIAN"
        }
    },
    {
        "model": "ccms.CauseCode",
        "pk": 2,
        "fields": {
            "name": "PROCESS"
        }
    },
    {
        "model": "ccms.CauseCode",
        "pk": 3,
        "fields": {
            "name": "TOOL"
        }
    },
    {
        "model": "ccms.CauseCode",
        "pk": 4,
        "fields": {
            "name": "UNKNOWN"
        }
    },
    {
        "model": "ccms.EscalationDriver",
        "pk": 1,
        "fields": {
            "name": "Customer Service Skills",
            "cause_code": 1
        }
    },
    {
        "model": "ccms.EscalationDriver",
        "pk": 2,
        "fields": {
            "name": "Technical ability",
            "cause_code": 1
        }
    },
    {
        "model": "ccms.EscalationDriver",
        "pk": 3,
        "fields": {
            "name": "Unhappy with resolution time",
            "cause_code": 1
        }
    },
    {
        "model": "ccms.EscalationDriver",
        "pk": 4,
        "fields": {
            "name": "SPG Technical ability",
            "cause_code": 1
        }
    },
    {
        "model": "ccms.EscalationDriver",
        "pk": 5,
        "fields": {
            "name": "SPG Customer Service Skills",
            "cause_code": 1
        }
    },
    {
        "model": "ccms.EscalationDriver",
        "pk": 6,
        "fields": {
            "name": "Unhappy with SPG resolution time",
            "cause_code": 1
        }
    },
    {
        "model": "ccms.EscalationDriver",
        "pk": 7,
        "fields": {
            "name": "PROCESS",
            "cause_code": 2
        }
    },
    {
        "model": "ccms.EscalationDriver",
        "pk": 8,
        "fields": {
            "name": "USER",
            "cause_code": 2
        }
    },
    {
        "model": "ccms.EscalationDriver",
        "pk": 9,
        "fields": {
            "name": "Application functionality issue (DXC)",
            "cause_code": 3
        }
    },
    {
        "model": "ccms.EscalationDriver",
        "pk": 10,
        "fields": {
            "name": "Tool working as designed (user complaint) (DXC)",
            "cause_code": 3
        }
    },
    {
        "model": "ccms.EscalationDriver",
        "pk": 11,
        "fields": {
            "name": "Application functionality issue (CBA)",
            "cause_code": 3
        }
    },
    {
        "model": "ccms.EscalationDriver",
        "pk": 12,
        "fields": {
            "name": "Tool working as designed (user complaint) (CBA)",
            "cause_code": 3
        }
    },
    {
        "model": "ccms.EscalationDriver",
        "pk": 13,
        "fields": {
            "name": "Client machine or client environment issues ",
            "cause_code": 3
        }
    },
    {
        "model": "ccms.EscalationDriver",
        "pk": 14,
        "fields": {
            "name": "No meaningful comments in the survey and unable to contact the user (3 contacts made)",
            "cause_code": 4
        }
    },
    {
        "model": "ccms.EscalationDriver",
        "pk": 15,
        "fields": {
            "name": "Positive Feedback",
            "cause_code": 4
        }
    },
    {
        "model": "ccms.EscalationDriver",
        "pk": 16,
        "fields": {
            "name": "Referring to another ticket",
            "cause_code": 4
        }
    },
    {
        "model": "ccms.EscalationDriver",
        "pk": 17,
        "fields": {
            "name": "3 Contact Rule initiated",
            "cause_code": 4
        }
    },
    {
        "model": "ccms.EscalationDriver",
        "pk": 18,
        "fields": {
            "name": "Escalation Request",
            "cause_code": 4
        }
    },
    {
        "model": "ccms.EscalationDriver",
        "pk": 19,
        "fields": {
            "name": "Normal Technical issue",
            "cause_code": 4
        }
    },
    {
        "model": "ccms.EscalationDriverCause",
        "pk": 1,
        "fields": {
            "name": "Did not check previous tickets",
            "escalation_driver": 1
        }
    },
    {
        "model": "ccms.EscalationDriverCause",
        "pk": 2,
        "fields": {
            "name": "Did not Set Expectations",
            "escalation_driver": 1
        }
    },
    {
        "model": "ccms.EscalationDriverCause",
        "pk": 3,
        "fields": {
            "name": "Did not walk the user through the KM/AskIT TS",
            "escalation_driver": 1
        }
    },
    {
        "model": "ccms.EscalationDriverCause",
        "pk": 4,
        "fields": {
            "name": "Follow up ticket creation",
            "escalation_driver": 1
        }
    },
    {
        "model": "ccms.EscalationDriverCause",
        "pk": 5,
        "fields": {
            "name": "Lack of Ownership ",
            "escalation_driver": 1
        }
    },
    {
        "model": "ccms.EscalationDriverCause",
        "pk": 6,
        "fields": {
            "name": "Lacked confidence",
            "escalation_driver": 1
        }
    },
    {
        "model": "ccms.EscalationDriverCause",
        "pk": 7,
        "fields": {
            "name": "Missed Callback",
            "escalation_driver": 1
        }
    },
    {
        "model": "ccms.EscalationDriverCause",
        "pk": 8,
        "fields": {
            "name": "No IM created",
            "escalation_driver": 1
        }
    },
    {
        "model": "ccms.EscalationDriverCause",
        "pk": 9,
        "fields": {
            "name": "No SD created",
            "escalation_driver": 1
        }
    },
    {
        "model": "ccms.EscalationDriverCause",
        "pk": 10,
        "fields": {
            "name": "Poor Soft Skills",
            "escalation_driver": 1
        }
    },
    {
        "model": "ccms.EscalationDriverCause",
        "pk": 11,
        "fields": {
            "name": "Process not followed",
            "escalation_driver": 1
        }
    },
    {
        "model": "ccms.EscalationDriverCause",
        "pk": 12,
        "fields": {
            "name": "Incomplete Notes",
            "escalation_driver": 2
        }
    },
    {
        "model": "ccms.EscalationDriverCause",
        "pk": 13,
        "fields": {
            "name": "Incomplete TS",
            "escalation_driver": 2
        }
    },
    {
        "model": "ccms.EscalationDriverCause",
        "pk": 14,
        "fields": {
            "name": "Incorrect Assignment Group",
            "escalation_driver": 2
        }
    },
    {
        "model": "ccms.EscalationDriverCause",
        "pk": 15,
        "fields": {
            "name": "Incorrect Diagnosis",
            "escalation_driver": 2
        }
    },
    {
        "model": "ccms.EscalationDriverCause",
        "pk": 16,
        "fields": {
            "name": "Lacked Tools Utilization",
            "escalation_driver": 2
        }
    },
    {
        "model": "ccms.EscalationDriverCause",
        "pk": 17,
        "fields": {
            "name": "Incorrect KM",
            "escalation_driver": 2
        }
    },
    {
        "model": "ccms.EscalationDriverCause",
        "pk": 18,
        "fields": {
            "name": "KM not used",
            "escalation_driver": 2
        }
    },
    {
        "model": "ccms.EscalationDriverCause",
        "pk": 19,
        "fields": {
            "name": "Time spent on the phone",
            "escalation_driver": 3
        }
    },
    {
        "model": "ccms.EscalationDriverCause",
        "pk": 20,
        "fields": {
            "name": "Incorrect SPG Diagnosis",
            "escalation_driver": 4
        }
    },
    {
        "model": "ccms.EscalationDriverCause",
        "pk": 21,
        "fields": {
            "name": "Not Knowledgeable",
            "escalation_driver": 4
        }
    },
    {
        "model": "ccms.EscalationDriverCause",
        "pk": 22,
        "fields": {
            "name": "Poor SPG Technician behaviour",
            "escalation_driver": 5
        }
    },
    {
        "model": "ccms.EscalationDriverCause",
        "pk": 23,
        "fields": {
            "name": "Missed Callback",
            "escalation_driver": 5
        }
    },
    {
        "model": "ccms.EscalationDriverCause",
        "pk": 24,
        "fields": {
            "name": "Lack of Ownership",
            "escalation_driver": 5
        }
    },
    {
        "model": "ccms.EscalationDriverCause",
        "pk": 25,
        "fields": {
            "name": "Did not Set Expectations",
            "escalation_driver": 5
        }
    },
    {
        "model": "ccms.EscalationDriverCause",
        "pk": 26,
        "fields": {
            "name": "Process not followed",
            "escalation_driver": 5
        }
    },
    {
        "model": "ccms.EscalationDriverCause",
        "pk": 27,
        "fields": {
            "name": "Time spent on resolving issue",
            "escalation_driver": 6
        }
    },
    {
        "model": "ccms.EscalationDriverCause",
        "pk": 28,
        "fields": {
            "name": "Auto Closure - Issue not resolved",
            "escalation_driver": 7
        }
    },
    {
        "model": "ccms.EscalationDriverCause",
        "pk": 29,
        "fields": {
            "name": "No customer contact from the Service Desk",
            "escalation_driver": 7
        }
    },
    {
        "model": "ccms.EscalationDriverCause",
        "pk": 30,
        "fields": {
            "name": "No solution in KM available",
            "escalation_driver": 7
        }
    },
    {
        "model": "ccms.EscalationDriverCause",
        "pk": 31,
        "fields": {
            "name": "Process Breakdown",
            "escalation_driver": 7
        }
    },
    {
        "model": "ccms.EscalationDriverCause",
        "pk": 32,
        "fields": {
            "name": "Unhappy with resolution time",
            "escalation_driver": 7
        }
    },
    {
        "model": "ccms.EscalationDriverCause",
        "pk": 33,
        "fields": {
            "name": "No customer contact from the SPG",
            "escalation_driver": 7
        }
    },
    {
        "model": "ccms.EscalationDriverCause",
        "pk": 34,
        "fields": {
            "name": "Incorrect closure from the SPG",
            "escalation_driver": 7
        }
    },
    {
        "model": "ccms.EscalationDriverCause",
        "pk": 35,
        "fields": {
            "name": "Issue not resolved",
            "escalation_driver": 7
        }
    },
    {
        "model": "ccms.EscalationDriverCause",
        "pk": 36,
        "fields": {
            "name": "issue outstanding or reoccurred",
            "escalation_driver": 7
        }
    },
    {
        "model": "ccms.EscalationDriverCause",
        "pk": 37,
        "fields": {
            "name": "Process Complaint",
            "escalation_driver": 7
        }
    },
    {
        "model": "ccms.EscalationDriverCause",
        "pk": 38,
        "fields": {
            "name": "Incorrect process followed",
            "escalation_driver": 8
        }
    },
    {
        "model": "ccms.EscalationDriverCause",
        "pk": 39,
        "fields": {
            "name": "No response from the customer",
            "escalation_driver": 8
        }
    },
    {
        "model": "ccms.EscalationDriverCause",
        "pk": 40,
        "fields": {
            "name": "Customer not able to provide information",
            "escalation_driver": 8
        }
    },
    {
        "model": "ccms.EscalationDriverCause",
        "pk": 41,
        "fields": {
            "name": "Request Cancelled - Incorrect/Insufficient details provided",
            "escalation_driver": 8
        }
    },
    {
        "model": "ccms.EscalationDriverCause",
        "pk": 42,
        "fields": {
            "name": "Request Cancelled - Incorrect request raised",
            "escalation_driver": 8
        }
    },
    {
        "model": "ccms.EscalationDriverCause",
        "pk": 43,
        "fields": {
            "name": "Request not immediately approved by Manager",
            "escalation_driver": 8
        }
    },
    {
        "model": "ccms.EscalationDriverCause",
        "pk": 44,
        "fields": {
            "name": "Customer uncooperative",
            "escalation_driver": 8
        }
    },
    {
        "model": "ccms.EscalationDriverCause",
        "pk": 45,
        "fields": {
            "name": "Application functionality issue (DXC)",
            "escalation_driver": 9
        }
    },
    {
        "model": "ccms.EscalationDriverCause",
        "pk": 46,
        "fields": {
            "name": "Tool working as designed (user complaint) (DXC)",
            "escalation_driver": 10
        }
    },
    {
        "model": "ccms.EscalationDriverCause",
        "pk": 47,
        "fields": {
            "name": "Application functionality issue (CBA)",
            "escalation_driver": 11
        }
    },
    {
        "model": "ccms.EscalationDriverCause",
        "pk": 48,
        "fields": {
            "name": "Tool working as designed (user complaint) (CBA)",
            "escalation_driver": 12
        }
    },
    {
        "model": "ccms.EscalationDriverCause",
        "pk": 49,
        "fields": {
            "name": "Client machine or client environment issues",
            "escalation_driver": 13
        }
    },
    {
        "model": "ccms.EscalationDriverCause",
        "pk": 50,
        "fields": {
            "name": "No meaningful comments in the survey and unable to contact the user (3 contacts made)",
            "escalation_driver": 14
        }
    },
    {
        "model": "ccms.EscalationDriverCause",
        "pk": 51,
        "fields": {
            "name": "Positive Feedback",
            "escalation_driver": 15
        }
    },
    {
        "model": "ccms.EscalationDriverCause",
        "pk": 52,
        "fields": {
            "name": "Referring to another ticket",
            "escalation_driver": 16
        }
    },
    {
        "model": "ccms.EscalationDriverCause",
        "pk": 53,
        "fields": {
            "name": "3 Contact Rule initiated",
            "escalation_driver": 17
        }
    },
    {
        "model": "ccms.EscalationDriverCause",
        "pk": 54,
        "fields": {
            "name": "FastTrack / Escalating open request or case",
            "escalation_driver": 18
        }
    },
    {
        "model": "ccms.EscalationDriverCause",
        "pk": 55,
        "fields": {
            "name": "Normal Technical issue",
            "escalation_driver": 19
        }
    },
    {
        "model": "auth.user",
        "pk": 69,
        "fields": {
            "username": "mark-anthony.lun.silvor@dxc.com",
            "email": "mark-anthony.lun.silvor@dxc.com",
            "password": 1234,
            "first_name": "Mark Anthony Luntao",
            "last_name": "Silvor"
        }
    },
    {
        "model": "ccms.CCMSOwner",
        "pk": 69,
        "fields": {
            "user": 69
        }
    },
    {
        "model": "auth.user",
        "pk": 70,
        "fields": {
            "username": "cris.nav.castro@dxc.com",
            "email": "cris.nav.castro@dxc.com",
            "password": 1234,
            "first_name": "Cris Navia",
            "last_name": "Castro"
        }
    },
    {
        "model": "ccms.CCMSOwner",
        "pk": 70,
        "fields": {
            "user": 70
        }
    },
    {
        "model": "auth.user",
        "pk": 71,
        "fields": {
            "username": "prince-deozel.espiritu@dxc.com",
            "email": "prince-deozel.espiritu@dxc.com",
            "password": 1234,
            "first_name": "Prince Deozel",
            "last_name": "Espiritu"
        }
    },
    {
        "model": "ccms.CCMSOwner",
        "pk": 71,
        "fields": {
            "user": 71
        }
    },
    {
        "model": "auth.user",
        "pk": 72,
        "fields": {
            "username": "mary-jane.ade.varona@dxc.com",
            "email": "mary-jane.ade.varona@dxc.com",
            "password": 1234,
            "first_name": "Mary Jane Rio Adeva",
            "last_name": "Varona"
        }
    },
    {
        "model": "ccms.CCMSOwner",
        "pk": 72,
        "fields": {
            "user": 72
        }
    },
    {
        "model": "auth.user",
        "pk": 73,
        "fields": {
            "username": "glaiza.sal.cayabyab@dxc.com",
            "email": "glaiza.sal.cayabyab@dxc.com",
            "password": 1234,
            "first_name": "Glaiza Salunatin",
            "last_name": "Cayabyab"
        }
    },
    {
        "model": "ccms.CCMSOwner",
        "pk": 73,
        "fields": {
            "user": 73
        }
    },
    {
        "model": "auth.user",
        "pk": 74,
        "fields": {
            "username": "ariane-dale-b.discar@dxc.com",
            "email": "ariane-dale-b.discar@dxc.com",
            "password": 1234,
            "first_name": "Ariane Dale",
            "last_name": "Discar-Diaz"
        }
    },
    {
        "model": "ccms.CCMSOwner",
        "pk": 74,
        "fields": {
            "user": 74
        }
    },
    {
        "model": "auth.user",
        "pk": 75,
        "fields": {
            "username": "terence.eusores@dxc.com",
            "email": "terence.eusores@dxc.com",
            "password": 1234,
            "first_name": "Terence",
            "last_name": "Eusores"
        }
    },
    {
        "model": "ccms.CCMSOwner",
        "pk": 75,
        "fields": {
            "user": 75
        }
    },
    {
        "model": "auth.user",
        "pk": 76,
        "fields": {
            "username": "laglagura.neil-revamuntan@dxc.com",
            "email": "laglagura.neil-revamuntan@dxc.com",
            "password": 1234,
            "first_name": "Neil Revamuntan",
            "last_name": "Laglagura"
        }
    },
    {
        "model": "ccms.CCMSOwner",
        "pk": 76,
        "fields": {
            "user": 76
        }
    },
    {
        "model": "auth.user",
        "pk": 77,
        "fields": {
            "username": "denmer.nec.leonillo@dxc.com",
            "email": "denmer.nec.leonillo@dxc.com",
            "password": 1234,
            "first_name": "Denmer Necesito",
            "last_name": "Leonillo"
        }
    },
    {
        "model": "ccms.CCMSOwner",
        "pk": 77,
        "fields": {
            "user": 77
        }
    },
    {
        "model": "auth.user",
        "pk": 78,
        "fields": {
            "username": "mary-grace.manahan@dxc.com",
            "email": "mary-grace.manahan@dxc.com",
            "password": 1234,
            "first_name": "Mary Grace",
            "last_name": "Manahan"
        }
    },
    {
        "model": "ccms.CCMSOwner",
        "pk": 78,
        "fields": {
            "user": 78
        }
    },
    {
        "model": "auth.user",
        "pk": 79,
        "fields": {
            "username": "aissa-mellee.ale.perez@dxc.com",
            "email": "aissa-mellee.ale.perez@dxc.com",
            "password": 1234,
            "first_name": "Aissa Mellee",
            "last_name": "Perez"
        }
    },
    {
        "model": "ccms.CCMSOwner",
        "pk": 79,
        "fields": {
            "user": 79
        }
    },
    {
        "model": "auth.user",
        "pk": 80,
        "fields": {
            "username": "khristina.non.ponce@dxc.com",
            "email": "khristina.non.ponce@dxc.com",
            "password": 1234,
            "first_name": "Khristina Nonato",
            "last_name": "Ponce"
        }
    },
    {
        "model": "ccms.CCMSOwner",
        "pk": 80,
        "fields": {
            "user": 80
        }
    },
    {
        "model": "auth.user",
        "pk": 81,
        "fields": {
            "username": "jose.pes.rigor@dxc.com",
            "email": "jose.pes.rigor@dxc.com",
            "password": 1234,
            "first_name": "Jose Pestilos",
            "last_name": "Rigor"
        }
    },
    {
        "model": "ccms.CCMSOwner",
        "pk": 81,
        "fields": {
            "user": 81
        }
    },
    {
        "model": "auth.user",
        "pk": 82,
        "fields": {
            "username": "dominic.de.delos-santos@dxc.com",
            "email": "dominic.de.delos-santos@dxc.com",
            "password": 1234,
            "first_name": "Dominic",
            "last_name": "Delos Santos"
        }
    },
    {
        "model": "ccms.CCMSOwner",
        "pk": 82,
        "fields": {
            "user": 82
        }
    },
    {
        "model": "auth.user",
        "pk": 83,
        "fields": {
            "username": "paulo-karachi.sor.hernandez@dxc.com",
            "email": "paulo-karachi.sor.hernandez@dxc.com",
            "password": 1234,
            "first_name": "Paulo Karachi",
            "last_name": "Hernandez"
        }
    },
    {
        "model": "ccms.CCMSOwner",
        "pk": 83,
        "fields": {
            "user": 83
        }
    }
]
